0.034829932,0.034829932,0.034829932,0.034829932,0.034829932,0.034829932,0.046439909,0.03483,0.04644,0.05805,0.03483,0.03483,0.03483,0.03483,0.034829932,0.034829932,0.034829932,0.017414966,0.034829932,0.034829932,0.034829932,0.034829932
0.47600907,0.510839002,0.52244898,0.441179138,0.47600907,0.452789116,0.441179138,0.42957,0.47601,0.47601,0.41796,0.49923,0.42957,0.47601,0.406349206,0.429569161,0.487619048,0.615328798,0.441179138,0.452789116,0.394739229,0.464399093
0.836281179,0.880272109,0.8838322,0.830385488,0.859138322,0.820634921,0.789886621,0.78059,0.8806,0.82499,0.79687,0.81398,0.77796,0.87508,0.737619048,0.775283447,0.942358277,0.993526077,0.765555556,0.751043084,0.7169161,0.764603175
1.230657596,1.323537415,1.311927438,1.219047619,1.242267574,1.207437642,1.086235828,1.09134,1.24227,1.23066,1.12617,1.18422,1.12617,1.35837,1.091337868,1.149387755,1.381587302,1.311927438,1.079727891,1.044897959,1.033287982,1.114557823
1.625396825,1.799546485,1.741496599,1.637006803,1.671836735,1.637006803,1.534603175,1.49769,1.67184,1.63701,1.54413,1.61379,1.48608,1.79955,1.497687075,1.532517007,1.869206349,1.718276644,1.497687075,1.451247166,1.428027211,1.509297052
2.019705215,2.235011338,2.12707483,2.050770975,2.017278912,2.021451247,1.905759637,1.8494,2.07252,2.05719,1.90338,1.96346,1.82913,2.23327,1.863356009,1.869909297,2.296575964,2.082539683,1.827777778,1.763401361,1.767687075,1.829614512
2.368435374,2.589024943,2.542585034,2.414875283,2.380045351,2.403265306,2.263945578,2.17107,2.41488,2.46132,2.26395,2.28717,2.14785,2.65868,2.159455782,2.252335601,2.728344671,2.414875283,2.147845805,2.066575964,2.078185941,2.159455782
2.798004535,3.053424036,2.983764172,2.82122449,2.786394558,2.902494331,2.716734694,2.58902,2.87927,2.92571,2.70512,2.71673,2.5658,3.13469,2.565804989,2.670294785,3.239183673,2.856054422,2.612244898,2.496145125,2.507755102,2.542585034
3.231179138,3.435714286,3.434716553,3.221950113,3.243764172,3.323333333,3.068798186,2.95531,3.34384,3.44728,3.1451,3.0898,2.97951,3.68381,2.928344671,3.097460317,3.714965986,3.24845805,2.998027211,2.85553288,2.898684807,2.902244898
3.622312925,3.889342404,3.831292517,3.668752834,3.750022676,3.715192744,3.448163265,3.33206,3.75002,3.87773,3.65714,3.41333,3.39011,4.33052,3.250793651,3.575873016,4.144761905,3.657142857,3.413333333,3.215963719,3.285623583,3.239183673
4.156371882,4.481451247,4.504671202,4.272471655,4.400181406,4.191201814,4.12154195,3.85451,4.37696,4.44662,4.44662,3.92417,3.91256,4.8878,3.750022676,4.167981859,4.690430839,4.237641723,3.9938322,3.703582766,3.81968254,3.657142857
4.520068027,4.834671202,4.933854875,4.607755102,4.809410431,4.575147392,4.524013605,4.20122,4.76444,4.86363,4.84821,4.28139,4.26522,5.28887,4.102539683,4.559183673,5.179614512,4.636190476,4.509115646,4.023741497,4.153741497,4.011201814
4.922630385,5.236099773,5.305759637,5.061950113,5.143219955,4.980680272,4.852970522,4.57433,5.17805,5.21288,5.22449,4.67882,4.59755,5.75855,4.411791383,5.073560091,5.619229025,4.969070295,4.911020408,4.365351474,4.504671202,4.353741497
5.387029478,5.723718821,5.77015873,5.503129252,5.572789116,5.445079365,5.305759637,5.02712,5.64245,5.66567,5.64245,5.12,4.95746,6.21134,4.852970522,5.514739229,6.106848073,5.375419501,5.363809524,4.783310658,4.94585034,4.794920635
5.721768707,6.013945578,6.124988662,5.864829932,5.902585034,5.870770975,5.638231293,5.3906,6.03084,6.04619,5.98186,5.46073,5.24127,6.58293,5.174081633,5.860362812,6.580498866,5.706349206,5.742471655,5.095941043,5.271519274,5.16015873
6.141678005,6.42031746,6.536417234,6.234557823,6.280997732,6.29260771,6.002358277,5.75855,6.45515,6.40871,6.35066,5.85143,5.61923,7.02404,5.479909297,6.2461678,7.047256236,6.025578231,6.164897959,5.387029478,5.607619048,5.491519274
6.664126984,6.884716553,7.024036281,6.733786848,6.687346939,6.745396825,6.46675737,6.16877,6.93116,6.83828,6.80345,6.29261,6.03719,7.51166,5.94430839,6.675736961,7.534875283,6.408707483,6.652517007,5.793378685,6.037188209,5.921088435
7.078412698,7.202086168,7.4138322,7.100272109,6.99537415,7.063492063,6.748367347,6.5994,7.33965,7.18032,7.16748,6.66653,6.39549,7.92519,6.282675737,7.064739229,8.01537415,6.751961451,7.060362812,6.138435374,6.399659864,6.331496599
7.453605442,7.616145125,7.871564626,7.511655329,7.407165533,7.488435374,7.151746032,7.00082,7.73224,7.56971,7.61615,7.01243,6.72218,8.35918,6.629297052,7.430385488,8.440453515,7.07047619,7.46521542,6.455147392,6.791836735,6.687346939
7.987664399,8.11537415,8.370793651,7.976054422,7.813514739,7.976054422,7.697414966,7.47683,8.25469,8.0341,8.18503,7.50005,7.18658,8.8468,7.082086168,7.929614512,8.962902494,7.46521542,7.964444444,6.931156463,7.302675737,7.163356009
8.388321995,8.448639456,8.789614512,8.399977324,8.203764172,8.358480726,8.036145125,7.82584,8.66365,8.39791,8.50279,7.8613,7.49427,9.30642,7.402312925,8.306530612,9.39845805,7.833854875,8.351768707,7.288072562,7.68414966,7.556666667
8.811972789,8.835192744,9.322811791,8.788752834,8.510113379,8.777142857,8.440453515,8.21986,9.06739,8.78875,8.91646,8.2663,7.87156,9.72916,7.790294785,8.719092971,9.903310658,8.150204082,8.811972789,7.709024943,8.065056689,7.918004535
9.287981859,9.346031746,9.810430839,9.253151927,8.928072562,9.253151927,8.858412698,8.67265,9.52018,9.22993,9.34603,8.74231,8.27791,10.182,8.219863946,9.125442177,10.43736962,8.556553288,9.253151927,8.138594104,8.521723356,8.382403628
9.69031746,9.707777778,10.17818594,9.63244898,9.33585034,9.618072562,9.172698413,9.04699,9.93748,9.59562,9.66594,9.06819,8.60377,10.5363,8.529886621,9.478798186,10.91043084,8.89085034,9.609863946,8.44031746,8.876870748,8.746485261
10.12390023,10.10068027,10.64634921,10.03102041,9.601451247,10.00780045,9.543401361,9.41569,10.3019,9.98458,10.0194,9.43891,8.93968,11.0411,8.858412698,9.833650794,11.42421769,9.229931973,10.01941043,8.742312925,9.229931973,9.148662132
10.58829932,10.61151927,11.14557823,10.53024943,10.01941043,10.48380952,9.972970522,9.8917,10.716,10.4374,10.449,9.90331,9.33442,11.5287,9.322811791,10.22839002,11.95827664,9.659501134,10.48380952,9.160272109,9.705941043,9.58984127
10.98941043,11.00197279,11.50058957,10.9715873,10.3859864,10.89469388,10.31941043,10.2892,11.1126,10.7987,10.7957,10.2486,9.64439,11.8784,9.67047619,10.56761905,12.51335601,9.992346939,10.88716553,9.439274376,10.05195011,9.98276644
11.38938776,11.49387755,11.95827664,11.34294785,10.70439909,11.30811791,10.66956916,10.6696,11.4939,11.1804,11.1688,10.6231,9.99619,12.3762,9.996190476,10.93659864,12.94124717,10.40253968,11.29650794,9.76399093,10.46058957,10.36770975
11.96988662,12.03954649,12.50394558,11.91183674,11.16879819,11.85378685,11.20362812,11.1804,12.0163,11.6332,11.668,11.134,10.5172,12.9219,10.50702948,11.44743764,13.49079365,10.94820862,11.85378685,10.25160998,11.06430839,10.86693878
12.35297052,12.45535147,12.920839,12.42741497,11.55433107,12.31274376,11.60068027,11.5759,12.451,12.0239,12.0611,11.523,10.9174,13.3882,10.89564626,11.9039229,13.98439909,11.3481746,12.32768708,10.60614513,11.49106576,11.30811791
12.82902494,12.93351474,13.33986395,12.82902494,11.92344671,12.79419501,12.01632653,12.0395,12.8406,12.4459,12.5272,11.877,11.2965,13.8507,11.27328798,12.35301587,14.4892517,11.73768708,12.74718821,11.04108844,11.92344671,11.65641723
13.39791383,13.65333333,13.85070295,13.42113379,12.42267574,13.33986395,12.57360544,12.5968,13.3863,12.9567,13.2238,12.3762,11.7841,14.4893,11.83056689,12.88707483,15.08136054,12.29496599,13.36501134,11.55192744,12.51555556,12.21369615
13.78263039,14.02365079,14.25208617,13.8884127,12.80693878,13.74301587,12.91668934,12.9659,13.8179,13.4199,13.731,12.7275,12.158,14.9676,12.17634921,13.2729932,15.56394558,12.67501134,13.84528345,11.98099773,12.96346939,12.61693878
14.17578231,14.4892517,14.67501134,14.21061225,13.17732426,14.14095238,13.29342404,13.3747,14.2222,13.8623,14.2454,13.0844,12.4981,15.5341,12.50394558,13.67655329,16.05659864,13.02639456,14.22222222,12.37623583,13.35147392,13.02639456
14.62857143,14.98848073,15.22068027,14.65179138,13.64172336,14.62857143,13.74621315,13.8391,14.6982,14.3615,14.6982,13.5372,12.8755,16.0334,12.97995465,14.09451247,16.56743764,13.44435374,14.68662132,12.84063492,13.89714286,13.53723356
15.01702948,15.36857143,15.53716553,14.99226757,13.99385488,14.99614513,14.11049887,14.2341,15.1201,14.7571,15.0595,13.9059,13.2186,16.4046,13.30086168,14.44346939,17.05269841,13.80020408,15.06036281,13.17408163,14.26231293,13.93344671
15.39482993,15.73151927,16.02176871,15.42965986,14.338322,15.41804989,14.52408163,14.5937,15.4993,15.1626,15.3716,14.2222,13.5488,16.9041,13.64172336,14.82594104,17.49623583,14.1293424,15.42965986,13.45596372,14.66340136,14.29188209
15.82439909,16.21913832,16.52099773,15.870839,14.7446712,15.89405896,14.96526077,15.0581,15.9405,15.6386,15.7896,14.675,13.9552,17.3801,14.08290249,15.23229025,18.01868481,14.50086168,15.88244898,13.85070295,15.12780045,14.7446712
16.21346939,16.54487528,16.82485261,16.22272109,15.07580499,16.26077098,15.29596372,15.4449,16.3313,16.0189,16.1241,15.0284,14.3085,17.7939,14.42163265,15.62591837,18.49877551,14.85471655,16.27750567,14.12954649,15.50603175,15.10473923
16.57904762,16.95056689,17.32208617,16.60226757,15.40643991,16.69514739,15.67346939,15.8012,16.7184,16.4862,16.4629,15.3368,14.617,18.2625,14.72145125,15.98693878,19.01714286,15.17424036,16.61387755,14.40798186,15.85922903,15.47609977
17.08988662,17.47301587,17.84453515,17.05505669,15.84761905,17.15954649,16.11464853,16.2772,17.1944,16.9273,16.9041,15.778,15.0233,18.7617,15.17424036,16.40489796,19.51637188,15.6154195,17.08988662,14.83755102,16.37006803,15.94049887
17.44072562,17.81888889,18.2145805,17.41256236,16.17555556,17.50539683,16.45394558,16.6569,17.6102,17.3017,17.26,16.13,15.3915,19.1646,15.48900227,16.79088435,19.97873016,15.95738095,17.44319728,15.15603175,16.76929705,16.38730159
17.82131519,18.20444444,18.70367347,17.8677551,16.53260771,17.94902494,16.81124717,17.0318,17.9606,17.682,17.7052,16.4629,15.7083,19.6615,15.870839,17.19437642,20.44517007,16.30040816,17.8677551,15.52253968,17.14793651,16.81124717
18.26249433,18.72689342,19.20290249,18.36698413,16.90412698,18.44825397,17.34530612,17.4962,18.4366,18.1464,18.2509,16.9157,16.1379,20.1085,16.27718821,17.62394558,20.97922903,16.67192744,18.30893424,15.92888889,17.6123356,17.32208617
18.66673469,19.06517007,19.53133787,18.76199547,17.23503401,18.79852608,17.64571429,17.8829,18.8265,18.5293,18.6081,17.2758,16.4392,20.5145,16.61102041,18.02414966,21.46891157,17.01088436,18.66730159,16.23081633,17.98678005,17.74179138
19.05197279,19.458322,20.02721088,19.12163265,17.54267574,19.23773243,18.05351474,18.2509,19.2377,18.9591,19.0171,17.6356,16.7764,20.956,16.95056689,18.41342404,21.95446712,17.33369615,19.06358277,16.52099773,18.39020408,18.16961451
19.58603175,19.94594104,20.53804989,19.58603175,17.9722449,19.72535147,18.5875737,18.7153,19.7602,19.4003,19.4583,18.0883,17.1944,21.5249,17.43818594,18.80816327,22.45369615,17.77487528,19.55120181,16.97378685,18.90104308,18.63401361
19.92333333,20.31786848,20.95197279,19.92145125,18.29773243,20.08210884,18.94936508,19.0907,20.1768,19.7358,19.8111,18.4594,17.5135,21.9468,17.80784581,19.18507937,22.9122449,18.16748299,19.94861678,17.3400907,19.29986395,19.02725624
20.3290703,20.72380952,21.37396825,20.39873016,18.63401361,20.52643991,19.31900227,19.5048,20.5729,20.1085,20.2014,18.7849,17.891,22.4189,18.15800454,19.55120181,23.33605442,18.50630386,20.3290703,17.80970522,19.7137415,19.42349206
20.87473923,21.2462585,21.93124717,20.92117914,19.06358277,21.07210884,19.89950113,20.0388,21.1302,20.5729,20.7006,19.2958,18.3786,22.9994,18.66884354,20.08526077,23.89333333,18.95909297,20.82829932,18.25088435,20.36390023,19.89950113
21.28764172,21.6359864,22.29272109,21.35857143,19.45875283,21.51553288,20.34380952,20.4412,21.5329,20.9426,21.1405,19.6627,18.7617,23.4066,19.06342404,20.49410431,24.41684807,19.37695012,21.25904762,18.60514739,20.85213152,20.3677551
21.72226757,22.08501134,22.84843537,21.82675737,19.76018141,21.98929705,20.80507937,20.8631,22.0009,21.3391,21.5713,20.0737,19.0984,23.9049,19.42349206,20.94439909,24.89179138,19.74857143,21.67582766,19.00553288,21.27405896,20.77024943
22.26793651,22.66267574,23.42893424,22.44208617,20.31746032,22.53496599,21.33913832,21.4436,22.535,21.8848,22.2215,20.5729,19.5976,24.5783,19.98077098,21.49006803,25.50712018,20.34068027,22.20988662,19.53578231,21.87319728,21.36235828
22.68777778,23.12836735,23.82643991,22.88646259,20.71959184,22.98428571,21.73426304,21.9081,23.0419,22.3391,22.7149,21.0143,19.95131519,25.1366,20.35800454,21.95768708,25.98492064,20.79480726,22.73501134,19.93297052,22.33612245,21.79274376
23.0922449,23.6030839,24.40417234,23.40571429,21.07210884,23.47537415,22.05895692,22.3376,23.487,22.7556,23.2316,21.4881,20.34709751,25.6232,20.70058957,22.43047619,26.48235828,21.2462585,23.13480726,20.3290703,22.75555556,22.18666667
23.63791383,24.20680272,25.10077098,24.12553288,21.6061678,24.13714286,22.81360544,22.9297,24.2068,23.3709,24.0443,21.9854,21.16498866,26.2966,21.25351474,23.05741497,27.20217687,21.95446712,23.93977324,21.00244898,23.56825397,22.74394558
24.0575737,24.62970522,25.57092971,24.54655329,22.0529932,24.55405896,23.15049887,23.3904,24.6363,23.8997,24.5227,22.4429,21.52131519,26.7647,21.60088435,23.49582766,27.66693878,22.3729025,24.32716553,21.36716553,24.08528345,23.10151927
24.43900227,25.089161,26.04117914,24.93823129,22.48852608,25.14721088,23.54503401,23.8817,25.0776,24.2765,25.0892,22.7788,21.94285714,27.2254,22.02267574,23.91655329,28.15419501,22.74394558,24.76408163,21.93124717,24.58993197,23.4985941
24.89179138,25.55356009,26.51718821,25.37941043,22.91809524,25.63482993,23.9629932,24.3693,25.5652,24.7873,25.6905,23.2664,22.34920635,27.7246,22.4099093,24.35773243,28.66503401,23.18512472,25.16219955,22.38403628,25.04272109,23.95544218
25.3206576,25.93714286,26.85462585,25.7052381,23.26045352,26.02487528,24.28736962,24.7559,25.9676,25.1843,26.1576,23.6014,22.68727891,28.1053,22.73040816,24.74097506,29.1293424,23.54049887,25.55646259,22.67426304,25.38857143,24.32875283
25.62321996,26.35464853,27.27183674,26.09922903,23.55664399,26.40108844,24.63637188,25.1356,26.4127,25.5536,26.6681,23.9746,23.05741497,28.5257,23.08063492,25.14721088,29.58222222,23.83528345,25.98312925,22.9877551,25.7044898,24.82213152
26.09342404,26.86548753,27.75945578,26.54040816,23.99782313,26.90031746,25.06594104,25.6464,26.8771,26.0063,27.1441,24.4506,23.47537415,28.9901,23.51020408,25.57678005,30.12789116,24.25324263,26.42430839,23.4521542,26.14566893,25.43746032
26.52671202,27.20741497,28.08555556,26.90324263,24.31634921,27.25349206,25.3784127,26.044,27.2941,26.3757,27.5055,24.7903,23.80285714,29.3468,23.84668934,25.96789116,30.57267574,24.58811791,26.82133787,23.77689342,26.45219955,25.82117914
26.80743764,27.66657596,28.53732426,27.2370068,24.68281179,27.65496599,25.75092971,26.4591,27.655,26.7146,27.8872,25.1588,24.16036281,29.7912,24.14875283,26.34303855,31.02185941,24.92662132,27.16734694,24.07909297,26.84226757,26.15727891
27.30666667,28.13097506,29.02494331,27.68979592,25.10077098,28.13097506,26.27337869,26.9584,28.1658,27.1557,28.3283,25.6232,24.578322,30.3137,24.58993197,26.79582766,31.54430839,25.36780045,27.66657596,24.53188209,27.29505669,26.58684807
27.67854875,28.50727891,29.35653061,28.00628118,25.39251701,28.499161,26.61401361,27.3473,28.6061,27.5035,28.7127,25.9818,24.90931973,30.7052,24.90557823,27.18340136,32.00843537,25.70270975,28.06063492,24.84918367,27.65444444,26.96455782
28.04970522,28.90884354,29.86086168,28.43283447,25.76253968,28.87401361,26.9815873,27.7478,29.0017,27.8988,29.1294,26.3082,25.27492064,31.1844,25.2400907,27.53886621,32.47310658,26.04117914,28.43283447,25.15882086,28.03809524,27.35310658
28.53732426,29.41968254,30.37170068,28.89723356,26.18049887,29.38485261,27.4924263,28.2355,29.559,28.3632,29.768,26.819,25.89024943,31.672,25.72770975,28.06131519,32.99555556,26.51718821,28.93206349,25.63482993,28.54893424,27.84072562
28.89975057,29.7890703,30.74643991,29.22011338,26.53199547,29.74582766,27.81136054,28.6115,29.9712,28.7094,30.1608,27.2055,26.23482993,32.031,26.07961451,28.44081633,33.46643991,26.8749093,29.30891157,25.96185941,28.90428571,28.23013605
29.30358277,30.23238095,31.31210884,29.62866213,26.86548753,30.15111111,28.18902494,29.0249,30.3949,29.1178,30.5691,27.5969,26.64489796,32.5079,26.44752835,28.8275737,33.92435374,27.22539683,29.74476191,26.37786848,29.31519274,28.6185941
29.77959184,30.76643991,31.78811791,30.08145125,27.29505669,30.60390023,28.64181406,29.501,30.8361,29.559,30.9986,28.0729,27.06285714,33.0304,26.87709751,29.24553288,34.47002268,27.63174603,30.18594104,26.79582766,29.75637188,29.14104308
30.2024263,31.09707483,32.13868481,30.38748299,27.64371882,30.9739229,28.98632653,29.8999,31.2309,29.9516,31.3298,28.4097,27.39950113,33.4018,27.19036281,29.59303855,34.89981859,27.95821996,30.5915873,27.10231293,30.07929705,29.5215873
30.58068027,31.55591837,32.60081633,30.84770975,27.96843537,31.38176871,29.45451247,30.2788,31.6024,30.3137,31.7068,28.7811,27.75945578,33.8779,27.52725624,29.97696145,35.42204082,28.30512472,30.99863946,27.41115646,30.44136054,29.91891157
31.06829932,32.1015873,33.08843537,31.34693878,28.37478458,31.85777778,29.89569161,30.8013,32.0319,30.7548,32.1248,29.2455,28.18902494,34.4004,27.96843537,30.40653061,35.9444898,28.73469388,31.46303855,27.8523356,30.91736962,30.39492064
31.45653061,32.48324263,33.48809524,31.67122449,28.70181406,32.29371882,30.16566893,31.2044,32.4295,31.0945,32.4894,29.6295,28.5290703,34.8066,28.308322,30.78575964,36.42970522,29.07170068,31.83791383,28.11589569,31.23623583,30.8344898
31.89260771,32.98394558,33.91274376,32.15963719,29.02494331,32.70530612,30.58068027,31.614,32.8098,31.4746,32.8795,30.0118,28.92045352,35.2711,28.65342404,31.12634921,36.94294785,29.44290249,32.25251701,28.44444444,31.68362812,31.230839
32.40344671,33.61088435,34.44680272,32.69369615,29.46612245,33.26258503,31.10312925,32.148,33.309,31.9623,33.4019,30.4878,29.47773243,35.7936,29.19909297,31.64879819,37.4770068,29.9537415,32.78657596,28.92045352,32.24090703,31.81133787
32.80773243,34.04104308,34.8507483,33.03705215,29.78748299,33.69993197,31.47027211,32.5763,33.7512,32.352,33.871,30.8925,29.87845805,36.2427,29.64036281,32.0914059,37.98492064,30.37664399,33.23102041,29.25206349,32.69061225,32.25358277
33.23936508,34.58612245,35.31755102,33.5876644,30.19755102,34.19138322,31.89260771,32.9839,34.1546,32.7866,34.3075,31.2773,30.24399093,36.7572,30.08145125,32.51954649,38.46385488,30.77804989,33.64480726,29.64027211,33.13487528,32.68208617
33.77342404,35.23628118,35.79356009,34.16816327,30.68517007,34.78349206,32.41505669,33.5412,34.6906,33.2974,34.9809,31.7765,30.80126984,37.2912,30.62712018,33.04199547,39.00952381,31.32371882,34.21460318,30.11628118,33.72698413,33.32063492
34.13854875,35.68285714,36.31219955,34.52662132,31.03614513,35.18512472,32.7392517,33.9803,35.1443,33.7096,35.3985,32.1541,31.26791383,37.7276,30.95283447,33.46070295,39.46836735,31.71579365,34.64678005,30.44780045,34.10657596,33.74712018
34.6093424,36.15346939,36.72235828,34.94603175,31.39337869,35.57297052,33.16970522,34.4584,35.6078,34.1682,35.9561,32.5428,31.67201814,38.2433,31.32371882,33.83147392,39.91510204,32.14802721,35.14340136,30.85931973,34.59773243,34.19138322
35.06213152,36.61786848,37.25641723,35.39882086,31.83455782,36.04897959,33.59927438,34.9228,36.107,34.679,36.4089,32.9839,32.15963719,38.7541,31.78811791,34.26104308,40.43755102,32.62403628,35.63102041,31.28888889,35.21306122,34.69061225
35.47965986,37.00328798,37.64845805,35.72843537,32.18401361,36.43238095,33.86736962,35.3314,36.5331,35.024,36.7446,33.3383,32.5307483,39.147,32.13904762,34.63693878,40.93181406,33.004161,36.01068027,31.5930839,35.59927438,35.05517007
35.81678005,37.39573696,38.08072562,36.16507937,32.53115646,36.85006803,34.31909297,35.7239,36.9081,35.4104,37.1403,33.6805,32.93750567,39.6249,32.4614966,35.01569161,41.38956916,33.3322449,36.38566893,31.90421769,36.02575964,35.49170068
36.26376417,37.90657596,38.57995465,36.68752835,32.94911565,37.31446712,34.74866213,36.1999,37.3609,35.8632,37.5699,34.1566,33.39029479,40.1357,32.89106576,35.41043084,41.91201814,33.71537415,36.82684807,32.27573696,36.4553288,35.97931973
36.60068027,38.27287982,38.90750567,37.03689342,33.26501134,37.68752835,35.09337869,36.586,37.7541,36.1883,37.9024,34.5276,33.73993197,40.6145,33.20723356,35.76337869,42.41972789,34.08122449,37.21698413,32.56455782,36.77412698,36.41879819
37.01260771,38.64961451,39.39265306,37.43056689,33.61088435,38.08072562,35.49170068,36.9662,38.1388,36.583,38.2897,34.8532,34.11011338,41.1458,33.55283447,36.11863946,42.8524263,34.37714286,37.54666667,32.84462585,37.18675737,36.76879819
37.48861678,39.14884354,39.88027211,37.86013605,34.04045352,38.55673469,35.95609977,37.4538,38.6148,37.0242,38.7773,35.3176,34.51646259,41.6682,33.98240363,36.53659864,43.37487528,34.76027211,38.02267574,33.27419501,37.67437642,37.2215873
37.88972789,39.51324263,40.2545805,38.26972789,34.34675737,38.93641723,36.28544218,37.8393,39.0076,37.3223,39.1713,35.6876,34.8562585,42.0716,34.30829932,36.91088435,43.8121542,35.0773356,38.42909297,33.55646259,38.05589569,37.65795918
38.27809524,39.91510204,40.75102041,38.68444444,34.70222222,39.3229932,36.68752835,38.2433,39.3694,37.7789,39.6597,36.049,35.20145125,42.5738,34.66739229,37.26802721,44.28045352,35.42204082,38.78893424,33.92435374,38.4522449,38.11555556
38.8121542,40.37950113,41.23863946,39.14884354,35.10857143,39.85705215,37.18675737,38.7309,39.8338,38.2549,40.2054,36.5134,35.59619048,43.0962,35.08535147,37.74403628,44.76807256,35.81678005,39.23011338,34.31909297,38.91664399,38.63800454
39.2252381,40.74965986,41.58133787,39.53292517,35.41879819,40.19780045,37.51492064,39.1104,40.2312,38.6839,40.5895,36.8717,35.93349206,43.4846,35.41823129,38.07346939,45.19510204,36.17678005,39.60115646,34.62968254,39.29571429,39.08106576
39.61324263,41.13414966,42.01650794,39.88027211,35.75873016,40.62331066,37.88335601,39.4971,40.6349,39.2069,40.9832,37.2796,36.26956916,43.9554,35.74712018,38.4522449,45.63882086,36.47854875,39.98476191,35.0737415,39.64807256,39.50875283
40.06603175,41.63337869,42.49251701,40.32145125,36.1999093,41.12253968,38.33614513,39.9848,41.1922,39.741,41.4476,37.7556,36.67591837,44.4662,36.23473923,38.87020408,46.13804989,36.94294785,40.47238095,35.52653061,40.15891157,39.96154195
40.42333333,41.93784581,42.93031746,40.67861678,36.52256236,41.48274376,38.63360544,40.4466,41.5841,40.1346,41.8509,38.1027,37.0254195,44.8096,36.59455782,39.24086168,46.58117914,37.3204195,40.88058957,35.86414966,40.54755102,40.38090703
40.8090703,42.39963719,43.34004535,41.11092971,36.88489796,41.95845805,39.02113379,40.8091,41.9933,40.542,42.2835,38.4522,37.40734694,45.3137,36.95455782,39.64807256,47.00879819,37.6859864,41.29668934,36.23473923,40.97160998,40.79746032
41.33151927,42.94530612,43.90893424,41.62176871,37.33768708,42.51573696,39.56680272,41.3431,42.5622,40.9832,42.7944,38.9863,37.92979592,45.8594,37.48861678,40.18213152,47.54285714,38.17360544,41.86557823,36.66430839,41.5753288,41.28507937
41.73993197,43.30784581,44.33879819,42.14496599,37.64997732,42.94825397,39.95192744,41.8341,43.0159,41.367,43.2657,39.3774,38.31213152,46.3439,37.88421769,40.62827664,48.03444444,38.55947846,42.3184127,36.96997732,41.99727891,41.75002268
42.15582766,43.75800454,44.82612245,42.53895692,37.99945578,43.45614513,40.37950113,42.2294,43.4678,41.7727,43.7232,39.7874,38.7076644,46.8579,38.25487528,41.0644898,48.47165533,38.95147392,42.73632653,37.39573696,42.4460771,42.15582766
42.62022676,44.28045352,45.39501134,43.15428571,38.42902494,44.02503401,40.87873016,42.7828,43.9902,42.33,44.3153,40.3098,39.26494331,47.5545,38.83537415,41.62176871,49.02893424,39.54358277,43.30521542,37.92979592,43.0614059,42.75954649
42.98396825,44.64294785,45.90657596,43.67609977,38.74385488,44.51337869,41.35154195,43.2017,44.4698,42.8205,44.8095,40.6611,39.65097506,48.0193,39.21129252,42.05442177,49.4899093,40.10952381,43.72575964,38.31895692,43.44995465,43.13804989
43.4677551,45.12798186,46.30058957,44.16435374,39.09079365,45.01188209,41.71464853,43.6419,44.9306,43.2588,45.3486,41.0993,40.05442177,48.5297,39.62485261,42.56217687,49.9693424,40.64653061,44.14113379,38.8121542,43.96698413,43.5722449
44.09469388,45.75492064,46.96235828,44.88417234,39.62485261,45.69687075,42.52734694,44.234,45.7317,43.9554,46.1729,41.7611,40.78585034,49.2031,40.26340136,43.18911565,50.60789116,41.40117914,44.96544218,39.59002268,44.76807256,44.16435374
44.48464853,46.15882086,47.33968254,45.34648526,40.03902494,46.17902494,42.99285714,44.7448,46.1701,44.4378,46.6868,42.1458,41.21154195,49.6725,40.59968254,43.57453515,51.09285714,41.7686508,45.40265306,40.06886621,45.30337869,44.62113379
44.87256236,46.55600907,47.89115646,45.69687075,40.449161,46.62566893,43.38648526,45.2209,46.6024,44.9538,47.2294,42.5506,41.5753288,50.1203,40.96,44.01342404,51.5599093,42.15582766,45.76653061,40.64653061,45.77814059,44.96544218
45.30213152,47.09006803,48.36716553,46.13804989,40.89034014,47.09006803,43.76961451,45.662,47.0552,45.4298,47.6473,43.015,41.99328798,50.6195,41.40117914,44.45460318,52.05913832,42.53895692,46.23092971,41.09931973,46.32380952,45.37473923
45.67904762,47.44802721,48.66002268,46.53390023,41.19555556,47.50918367,44.17886621,46.0537,47.5033,45.7724,48.0401,43.3718,42.33634921,51.0475,41.68975057,44.80099773,52.49426304,42.868322,46.64709751,41.41219955,46.69693878,45.75970522
46.09160998,47.86793651,49.11020408,46.86947846,41.54049887,47.94920635,44.48943311,46.4554,47.8795,46.1729,48.46,43.7,42.64344671,51.3974,41.99909297,45.19764172,52.95310658,43.18911565,47.04362812,41.73786848,47.10167801,46.23092971
46.63727891,48.47165533,49.64426304,47.35709751,42.01650794,48.61097506,45.00027211,47.04362812,48.4717,46.8346,49.2611,44.1547,43.2123356,52.0707,42.52346939,45.6214059,53.52199547,44.01342404,47.54285714,42.30675737,47.8214966,46.74176871
46.99736962,48.90081633,49.98854875,47.73945578,42.32485261,49.02231293,45.33476191,47.40555556,48.8838,47.1949,49.657,44.5053,43.51160998,52.4363,42.86247166,46.05376417,53.95455782,44.35891157,47.9244898,42.64741497,48.18811791,47.20403628
47.35709751,49.3075737,50.38730159,48.11174603,42.65505669,49.48172336,45.69687075,47.67056689,49.3076,47.5429,50.1551,44.861,43.86249433,52.9299,43.15428571,46.57922903,54.4275737,44.68680272,48.28589569,43.01496599,48.5877551,47.75183674
47.83310658,49.83002268,50.88653061,48.64580499,43.07301587,49.9693424,46.16126984,48.12335601,49.8184,47.984,50.7008,45.3602,44.28045352,53.5568,43.58385488,47.10167801,54.9384127,45.058322,48.76190476,43.34004535,49.04054422,48.27428571
48.2237415,50.14510204,51.27408163,49.05773243,43.35072562,50.39401361,46.52378685,48.52995465,50.2406,48.3505,51.0738,45.7215,44.59410431,53.9831,43.89126984,47.48662132,55.43712018,45.34163265,49.17875283,43.79469388,49.40721088,48.65428571
48.5877551,50.67755102,51.69922903,49.48172336,43.69995465,50.80526077,46.8462585,48.91283447,50.6776,48.7039,51.5019,46.0916,44.91900227,54.4044,44.21079365,47.91437642,55.87882086,45.68526077,49.55138322,44.17362812,49.74875283,49.02893424
49.0521542,51.22321996,52.30294785,50.14349206,44.11791383,51.3044898,47.32226757,49.41206349,51.2232,49.1334,51.9663,46.556,45.37179138,55.0197,44.6984127,48.35555556,56.49414966,46.09160998,50.09705215,44.60963719,50.27120181,49.51655329
49.43122449,51.60079365,52.63922903,50.52129252,44.41390023,51.71800454,47.63759637,49.86795918,51.6309,49.4803,52.3341,46.8933,45.6745805,55.429,45.04684807,48.68102041,56.94963719,46.38789116,50.46489796,44.91900227,50.58839002,49.91789116
49.84163265,52.05913832,53.0924263,50.95619048,44.74485261,52.10557823,48.06530612,50.21315193,52.0243,49.83,52.7673,47.2526,46.04517007,55.8788,45.39501134,49.0985941,57.41133787,46.70693878,50.88653061,45.19183674,51.00263039,50.27120181
50.30603175,52.62802721,53.58004535,51.42058957,45.17442177,52.63963719,48.55292517,50.72399093,52.5003,50.2596,53.2782,47.7286,46.55600907,56.4593,45.88263039,49.53977324,57.96861678,47.17133787,51.40897959,45.64462585,51.53668934,50.74721088
50.70102041,53.02734694,53.95972789,51.89435374,45.53863946,53.0438322,48.92326531,51.0784127,52.888,50.6175,53.6935,48.0956,46.8462585,56.8857,46.29147392,49.9044898,58.36564626,47.53780045,51.82410431,45.94405896,51.90480726,51.12743764
51.07229025,53.4523356,54.38113379,52.18265306,45.81297052,53.52199547,49.3075737,51.49024943,53.3014,50.991,54.207,48.4252,47.26421769,57.3533,46.65276644,50.29442177,58.88580499,47.87954649,52.24489796,46.20752835,52.26811791,51.58312925
51.53668934,54.0676644,54.91519274,52.62802721,46.12643991,54.13732426,49.79519274,52.08235828,53.8935,51.618,55.0429,48.9148,47.73884354,58.0383,47.13263039,50.80526077,59.45469388,48.47165533,52.75573696,46.76498866,52.8370068,52.19845805
51.95349206,54.41596372,55.26442177,53.03585034,46.56594104,54.55594104,50.18090703,52.43489796,54.2954,51.9771,55.5087,49.257,48.07473923,58.5234,47.51648526,51.20321996,59.95181406,48.8421542,53.15485261,47.08238095,53.23956916,52.63791383
52.31455782,54.9384127,55.7046712,53.40589569,46.98557823,54.98485261,50.57306122,52.86022676,54.7062,52.3378,56.053,49.621,48.56453515,59.0367,47.91437642,51.60634921,60.38349206,49.22630386,53.53360544,47.4615873,53.61487528,53.08081633
52.80217687,55.46086168,56.23873016,53.90512472,47.51963719,55.50730159,51.07229025,53.38267574,55.2519,52.8718,56.6335,50.1087,49.00571429,59.7101,48.42521542,52.12879819,60.89433107,49.74875283,54.0676644,47.91437642,54.20698413,53.64970522
53.27818594,55.94487528,56.73240363,54.39680272,47.80312925,56.04113379,51.46496599,53.89478458,55.7213,53.3324,57.2052,50.4717,49.3654195,60.3015,48.80929705,52.64151927,61.40333333,50.19367347,54.57092971,48.29539683,54.66666667,54.10108844
53.84707483,56.43609977,57.22557823,54.86875283,48.25106576,56.52897959,51.87337869,54.33469388,56.1923,53.7774,57.7945,50.8749,49.72553288,60.9059,49.2030839,53.12725624,61.84634921,50.689161,54.99251701,48.81995465,55.24027211,54.55528345
54.54367347,57.0862585,58.08471655,55.63501134,48.8431746,57.15591837,52.61641723,55.07773243,56.9005,54.5553,58.8742,51.5483,50.29442177,61.8812,49.83002268,53.80063492,62.46167801,51.4554195,55.91365079,49.42367347,56.13424036,55.62340136
54.95217687,57.48451247,58.5160771,56.06324263,49.24764172,57.52585034,52.96494331,55.52471655,57.3857,54.9673,59.2702,51.8963,50.69346939,62.3561,50.20385488,54.21269841,62.97285714,51.81943311,56.39829932,49.74204082,56.61278912,56.14131519
55.39120181,57.86412698,59.04834467,56.45931973,49.72553288,58.00344671,53.40589569,56.01814059,57.7829,55.426,59.7217,52.2565,51.06068027,62.81,50.54984127,54.62494331,63.44852608,52.18684807,56.76117914,50.14349206,57.01659864,56.48253968
55.84399093,58.38657596,59.58240363,56.91210884,50.22476191,58.49106576,53.84707483,56.50575964,58.2473,55.8904,60.1861,52.7093,51.47863946,63.2976,50.95619048,55.06612245,63.98258503,52.59319728,57.23718821,50.57306122,57.46938776,57.03981859
56.22603175,58.75088435,60.06571429,57.25319728,50.56854875,58.87072562,54.15689342,56.86748299,58.6355,56.3285,60.5481,53.0315,51.83761905,63.6995,51.32417234,55.37662132,64.47895692,52.87736962,57.66147392,50.85673469,57.87861678,57.46723356
56.63346939,59.19927438,60.418322,57.7015873,50.90975057,59.30376417,54.5785034,57.28362812,59.1064,56.6567,60.9524,53.3943,52.1752381,64.1683,51.66439909,55.78594104,64.93460318,53.27818594,58.04988662,51.16517007,58.23564626,57.81768708
57.0862585,59.66367347,60.929161,58.20081633,51.32770975,59.79138322,54.99646259,57.72480726,59.5476,57.0863,61.3703,53.8471,52.55836735,64.6444,52.11718821,56.20390023,65.46866213,53.64970522,58.53750567,51.5599093,58.66521542,58.29369615
57.48512472,60.06424036,61.36351474,58.60639456,51.59827664,60.16800454,55.33591837,58.14160998,60.0074,57.4412,61.7349,54.2037,52.90192744,65.038,52.46784581,56.54714286,65.92777778,53.98789116,58.92902494,51.82784581,59.04578231,58.71664399
57.89895692,60.40671202,61.77668934,58.96707483,51.97786848,60.55764172,55.72789116,58.53750567,60.3719,57.8409,62.1366,54.5669,53.24335601,65.4803,52.80217687,56.92371882,66.42068027,54.31147392,59.35020408,52.15201814,59.38503401,59.04834467
58.45623583,60.90594104,62.29913832,59.45469388,52.47709751,61.04526077,56.18068027,59.00190476,60.9059,58.3285,62.6358,55.0081,53.66131519,65.9795,53.23174603,57.35328798,66.94312925,54.71782313,59.84943311,52.5815873,59.84943311,59.51274376
58.86478458,61.28029479,62.71791383,59.79324263,52.80136054,61.42530612,56.47263039,59.38,61.3398,58.7324,63.077,55.374,53.98562358,66.3872,53.58219955,57.69938776,67.43145125,55.06124717,60.23911565,52.90390023,60.17873016,59.93045352
59.21088435,61.67219955,63.21632653,60.25578231,53.13886621,61.83473923,56.90049887,59.8029932,61.6954,59.1412,63.5414,55.7047,54.3230839,66.8154,53.9631746,58.11954649,67.88353742,55.40281179,60.68535147,53.25496599,60.62730159,60.3138322
59.66367347,62.14820862,63.70394558,60.69696145,53.54521542,62.3107483,57.38811791,60.27900227,62.1366,59.6288,64.1335,56.1575,54.82231293,67.3379,54.41596372,58.53750567,68.37115646,55.75111111,61.16136054,53.61487528,61.09170068,60.76662132
60.03517007,62.52433107,64.04705215,61.10154195,53.8585941,62.70022676,57.7376644,60.64303855,62.5563,60.0016,64.5306,56.5115,55.15650794,67.7868,54.74938776,58.84285714,68.87253968,56.08736962,61.57283447,53.95510204,61.45777778,61.26278912
60.44154195,62.87963719,64.53986395,61.42839002,54.16054422,63.12344671,58.08471655,61.06848073,62.9725,60.3835,65.0159,56.9237,55.54213152,68.1506,55.07773243,59.24571429,69.3231746,56.43609977,62.03210884,54.3230839,61.83473923,61.68380952
60.929161,63.37886621,65.03909297,61.90439909,54.60172336,63.61106576,58.53750567,61.5444898,63.5801,60.8595,65.4919,57.3765,55.97170068,68.673,55.50730159,59.65206349,69.81079365,56.87727891,62.54294785,54.76426304,62.33396825,62.17142857
61.25911565,63.7970068,65.43614513,62.2854195,54.86941043,63.99918367,58.90882086,61.92995465,64.0062,61.2388,65.926,57.749,56.32981859,69.0735,55.84793651,59.98746032,70.28047619,57.15981859,62.99040816,55.05773243,62.71945578,62.55927438
61.68380952,64.15673469,65.9446712,62.69387755,55.22866213,64.43537415,59.26893424,62.39201814,64.4005,61.6258,66.351,58.0963,56.74956916,69.5205,56.22712018,60.418322,70.69315193,57.56226757,63.36725624,55.39120181,63.22793651,62.93768708
62.24108844,64.6675737,66.51356009,63.19310658,55.68145125,64.96943311,59.84943311,62.93768708,64.9694,62.1598,66.9663,58.6072,57.38811791,70.1359,56.71473923,60.91755102,71.20399093,58.01505669,63.9477551,55.82077098,63.95936508,63.41369615
62.63555556,65.04136054,66.94247166,63.71439909,56.07689342,65.44029479,60.26480726,63.36512472,65.4141,62.5716,67.4697,58.9839,57.83253968,70.6185,57.12988662,61.32160998,71.66909297,58.37560091,64.41260771,56.16453515,64.40401361,63.81507937
63.0770068,65.49188209,67.46557823,64.12190476,56.43609977,65.89823129,60.72018141,63.82004535,65.8634,62.9841,68.0461,59.3734,58.22403628,71.1576,57.5506576,61.75346939,72.17922903,58.78131519,64.86494331,56.51736962,64.94621315,64.22639456
63.58784581,66.01433107,67.97641723,64.69079365,56.91210884,66.46712018,61.27746032,64.4585941,66.4207,63.5182,68.7543,59.8727,58.66521542,71.9354,58.14276644,62.25269841,72.77133787,59.26893424,65.41061225,56.95854875,65.57315193,64.8185034
64.01979592,66.41893424,68.41117914,65.17040816,57.23376417,66.88453515,61.64752835,64.84172336,66.8545,63.975,69.2204,60.265,59.03852608,72.4949,58.53997732,62.6052381,73.21782313,59.6524263,65.80310658,57.2999093,66.04519274,65.25287982
64.43537415,66.76897959,68.85877551,65.61959184,57.58548753,67.36108844,62.00888889,65.37578231,67.2682,64.3889,69.7063,60.6737,59.43147392,73.0268,58.90902494,63.06539683,73.68852608,60.04680272,66.18848073,57.7015873,66.4555102,65.64281179
64.95782313,67.34947846,69.40444444,66.25814059,58.07310658,67.97641723,62.53133787,65.87501134,67.8139,64.9462,70.2984,61.1381,59.98875283,73.7001,59.40052154,63.65750567,74.24580499,60.59247166,66.72253968,58.22403628,67.19854875,66.17687075
65.37582766,67.76503401,69.87807256,66.75480726,58.439161,68.37040816,62.95895692,66.22555556,68.2992,65.4365,70.7365,61.5525,60.4906576,74.3559,59.85337869,64.14278912,74.74489796,61.04439909,67.18510204,58.65480726,67.67537415,66.73476191
65.86340136,68.26666667,70.48417234,67.30303855,58.81614513,68.96326531,63.46013605,66.65287982,68.8123,65.9679,71.3433,61.916,61.02204082,75.0701,60.29061225,64.69079365,75.26748299,61.5444898,67.69777778,59.1876644,68.18539683,67.30303855
66.59482993,68.95165533,71.3200907,68.11573696,59.38503401,69.59020408,64.27283447,67.16371882,69.5786,66.8038,72.3069,62.4385,61.85795918,75.9293,60.95238095,65.42222222,75.99891157,62.2062585,68.49886621,59.93070295,68.82394558,68.17378685
67.03600907,69.43630386,71.73505669,68.71235828,59.75770975,70.07580499,64.72054422,67.5168254,70.0684,67.3748,72.9896,62.834,62.30655329,76.5408,61.3939229,65.9000907,76.49882086,62.68730159,68.98956916,60.79024943,69.20650794,68.62306122
67.51201814,69.86884354,72.30693878,69.27673469,60.13968254,70.60027211,65.21324263,67.92997732,70.5422,67.8835,73.8395,63.2047,62.69387755,77.1599,61.93922903,66.36263039,76.99736962,63.20471655,69.49732426,61.63736962,69.64825397,69.03292517
68.11573696,70.39129252,72.82938776,69.81079365,60.58086168,71.13433107,65.67764172,68.39437642,71.0182,68.3828,74.4316,63.7039,63.15827664,77.7056,62.40362812,66.83863946,77.51981859,63.65750567,70.01977324,62.39201814,70.11265306,69.52054422
68.50369615,70.7684127,73.20569161,70.1906576,60.9170068,71.53784581,66.04485261,68.73938776,71.3757,68.7633,74.859,64.0835,63.48954649,78.0771,62.75278912,67.2229932,77.9721542,63.97675737,70.42396825,62.749161,70.4200907,69.89464853
68.9168254,71.20399093,73.61886621,70.58866213,61.24263039,71.9354195,66.42068027,69.16063492,71.8309,69.1606,75.2791,64.4238,63.87809524,78.5415,63.0770068,67.61650794,78.42539683,64.34249433,70.82086168,63.10022676,70.8092517,70.24036281
69.38122449,71.70321996,74.10648526,71.00662132,61.68380952,72.42303855,66.9199093,69.6830839,72.3418,69.6018,75.7783,64.8882,64.29605442,79.0407,63.51818594,68.06929705,78.93623583,64.77206349,71.30848073,63.52979592,71.26204082,70.68154195
69.72172336,72.10657596,74.50723356,71.37852608,61.98006803,72.80814059,67.35052154,70.0762585,72.7763,69.9958,76.1747,65.2695,64.71165533,79.5154,63.86791383,68.48090703,79.39981859,65.11462585,71.70875283,63.83412698,71.60285714,71.08034014
70.13587302,72.45786848,74.95401361,71.79609977,62.33396825,73.18929705,67.72099773,70.49578231,73.1777,70.3855,76.6491,65.6951,65.02748299,79.9115,64.19156463,68.85877551,79.84181406,65.45705215,72.13278912,64.20897959,72.00507937,71.47102041
70.60027211,72.99192744,75.45324263,72.22566893,62.76353742,73.72335601,68.1970068,70.97179138,73.6769,70.8093,77.3457,66.1537,65.48027211,80.4571,64.65596372,69.33478458,80.35265306,65.90984127,72.63201814,64.6675737,72.51591837,71.94702948
70.92764172,73.40365079,75.89160998,72.58560091,63.07494331,74.07455782,68.53174603,71.34020408,74.1023,71.1571,77.8181,66.5711,65.83646259,80.8759,65.02863946,69.69503401,80.81519274,66.23988662,73.05943311,65.04714286,72.8499093,72.33340136
71.40136054,73.74657596,76.26594104,73.01514739,63.46013605,74.52444444,68.95165533,71.71482993,74.5128,71.5291,78.2861,66.9663,66.18848073,81.3395,65.37578231,70.12426304,81.29306122,66.62965986,73.5259864,65.49188209,73.22412698,72.73650794
71.84253968,74.28063492,76.75356009,73.47954649,63.90131519,75.01206349,69.40444444,72.20244898,74.9656,71.9702,78.7389,67.4424,66.60643991,81.8155,65.80535147,70.54222222,81.8155102,67.070839,73.97877551,65.92145125,73.68852608,73.21251701
72.23172336,74.62265306,77.10904762,73.81385488,64.2268254,75.42591837,69.76705215,72.54789116,75.3583,72.3576,79.114,67.8109,66.97394558,82.2132,66.16022676,70.91018141,82.28380952,67.37054422,74.37530612,66.18437642,74.02789116,73.56646259
72.63201814,75.01206349,77.60108844,74.26902494,64.55147392,75.82476191,70.14748299,72.95709751,75.7783,72.7133,79.5051,68.1622,67.30303855,82.6863,66.49034014,71.27365079,82.74430839,67.76743764,74.8030839,66.54839002,74.37351474,73.99038549
73.09641723,75.53451247,78.11192744,74.75664399,64.98104308,76.30077098,70.61188209,73.4214966,76.2311,73.1777,79.9695,68.6498,67.74421769,83.2203,66.94312925,71.69160998,83.27836735,68.23183674,75.29070295,66.98956916,74.86113379,74.47800454
73.44875283,75.95544218,78.54229025,75.19011338,65.30117914,76.69517007,70.98687075,73.84553288,76.6355,73.5457,80.3856,69.0279,68.08337869,83.6405,67.29605442,72.03605442,83.7406576,68.5714059,75.66804989,67.28369615,75.26725624,74.86285714
73.90911565,76.37043084,78.98267574,75.60417234,65.66603175,77.14829932,71.33170068,74.21097506,77.0322,73.9207,80.7822,69.4161,68.54530612,84.1259,67.67455782,72.42303855,84.24199547,69.00970522,76.08018141,67.62811791,75.60417234,75.24426304
74.41995465,76.95092971,79.50512472,76.16145125,66.13043084,77.74040816,71.83092971,74.76825397,77.6011,74.42,81.3163,69.9153,69.1722449,84.6832,68.22560091,72.93387755,84.77605442,69.5785941,76.67229025,68.16217687,76.1846712,75.76671202
74.79292517,77.37260771,79.93396825,76.63115646,66.44469388,78.24884354,72.25056689,75.15405896,78.0476,74.8049,81.7378,70.2962,69.55063492,85.1875,68.75229025,73.36022676,85.30165533,69.98535147,77.08938776,68.46333333,76.5862585,76.210839
75.23265306,77.89133787,80.36426304,77.0554195,66.9199093,78.73886621,72.63201814,75.59256236,78.5067,75.2327,82.2335,70.6583,70.00816327,85.7281,69.31156463,73.7814059,85.8093424,70.41451247,77.5662585,68.83555556,77.04380952,76.66068027
75.78993197,78.56471655,80.86349206,77.60108844,67.45396825,79.34258503,73.15446712,76.14984127,79.0872,75.7899,82.9881,71.1924,70.57705215,86.355,69.88045352,74.32707483,86.34340136,70.96018141,78.2860771,69.3231746,77.60108844,77.33405896
76.14503401,79.03267574,81.27097506,77.99884354,67.80326531,79.73693878,73.49442177,76.5276644,79.5569,76.2223,83.4082,71.5781,70.95222222,86.841,70.25748299,74.71721088,86.84784581,71.32213152,78.73535147,69.70954649,77.97764172,77.79698413
76.53297052,79.43546485,81.71102041,78.37895692,68.28988662,80.16689342,73.9323356,76.97414966,80.0624,76.7187,83.9053,72.0283,71.38975057,87.3651,70.64671202,75.13977324,87.27219955,71.83092971,79.1568254,70.07782313,78.42539683,78.26285714
76.99736962,79.9230839,82.29151927,78.83174603,68.77750567,80.65451247,74.38512472,77.47337869,80.6081,77.2412,84.3813,72.5159,71.84253968,87.8759,71.12272109,75.58095238,87.79464853,72.34176871,79.64444444,70.51900227,78.92462585,78.7969161
77.36464853,80.34058957,82.65678005,79.28195011,69.13843537,81.04433107,74.69596372,77.84839002,81.0554,77.5879,84.78,72.8774,72.16167801,88.2974,71.46632653,75.96290249,88.24829932,72.71462585,80.02820862,70.8429932,79.26344671,79.23870748
77.7752381,80.72417234,83.08099773,79.62122449,69.47410431,81.45560091,75.12816327,78.25124717,81.4324,77.9842,85.1476,73.2357,72.56235828,88.7467,71.81931973,76.32399093,88.73505669,73.07319728,80.42231293,71.15755102,79.69088435,79.64444444
78.19319728,81.21179138,83.56861678,80.06240363,69.88045352,81.93160998,75.54612245,78.6924263,81.8968,78.4138,85.5888,73.7117,72.99192744,89.2343,72.26049887,76.74195011,89.24589569,73.47954649,80.86349206,71.56390023,80.12045352,80.14367347
78.57977324,81.57643991,83.9553288,80.45428571,70.20315193,82.29369615,75.83287982,79.08877551,82.3134,78.8109,85.9685,74.068,73.37582766,89.6047,72.60204082,77.09868481,89.71394558,73.82902494,81.24104308,71.88081633,80.47235828,80.560839
78.97106576,81.98965986,84.39292517,80.78222222,70.54222222,82.69786848,76.24272109,79.43546485,82.6863,79.18,86.3666,74.4316,73.74657596,90.0818,72.96870748,77.43854875,90.17469388,74.16453515,81.64136054,72.16761905,80.82866213,80.96798186
79.49351474,82.47727891,84.90376417,81.21179138,70.97179138,83.17387755,76.68390023,79.89986395,83.2203,79.6096,86.9007,74.896,74.15292517,90.5694,73.43310658,77.85650794,90.68553288,74.57088435,82.15219955,72.60879819,81.28145125,81.43238095
79.84823129,82.87866213,85.27476191,81.58263039,71.29673469,83.57401361,77.01573696,80.28943311,83.622,80.0107,87.3321,75.2595,74.52102041,90.9758,73.75845805,78.22047619,91.16004535,74.8870068,82.55528345,72.9093424,81.61145125,81.88975057
80.23655329,83.23192744,85.79773243,82.00126984,71.65678005,83.96335601,77.40371882,80.67773243,83.9982,80.4107,87.8179,75.6158,74.88435374,91.4402,74.12970522,78.59954649,91.61433107,75.25587302,82.95328798,73.30539683,82.0244898,82.36117914
80.75900227,83.70793651,86.28535147,82.45405896,72.05151927,84.47419501,77.90294785,81.14213152,84.4626,80.8983,88.3751,76.0918,75.34875283,91.9046,74.57088435,79.00589569,92.10195011,75.63900227,83.4060771,73.6769161,82.51210884,82.96489796
81.08668934,84.10972789,86.61777778,82.83367347,72.34256236,84.83283447,78.25297052,81.5344898,84.9209,81.3471,88.7396,76.4796,75.6790703,92.3086,74.90956916,79.3259864,92.55104308,75.9475737,83.78294785,73.97773243,82.86222222,83.42535147
81.5600907,84.47419501,87.07482993,83.20870748,72.69006803,85.25206349,78.59954649,81.90839002,85.3217,81.8039,89.1995,76.9045,76.06857143,92.7405,75.25587302,79.70249433,93.01913832,76.289161,84.16072562,74.37351474,83.23192744,83.88208617
82.0244898,84.96181406,87.57405896,83.68471655,73.10802721,85.73968254,79.1568254,82.41922903,85.879,82.338,89.6871,77.3689,76.50975057,93.2862,75.73188209,80.13206349,93.50675737,76.70712018,84.64834467,74.75664399,83.73115646,84.33487528
82.37197279,85.32340136,87.90507937,84.05183674,73.40580499,86.07253968,79.55253968,82.83424036,86.3464,82.7507,90.0656,77.7292,76.84591837,93.6835,76.09632653,80.46124717,93.96868481,77.05530612,85.03741497,75.12274376,84.13231293,84.7784127
82.77913832,85.75129252,88.40997732,84.56707483,73.74657596,86.48272109,79.88825397,83.24353742,86.7614,83.1274,90.5114,78.0539,77.22956916,94.0989,76.47492064,80.88671202,94.40072562,77.4153288,85.46104308,75.45324263,84.57868481,85.13596372
83.31319728,86.26213152,88.96725624,85.11274376,74.15292517,87.02839002,80.4339229,83.7659864,87.3186,83.6151,91.0571,78.5995,77.75201814,94.5981,76.99736962,81.37433107,94.91156463,77.83328798,85.97188209,75.82476191,85.19401361,85.64680272
83.71077098,86.6460771,89.38464853,85.65285714,74.45088435,87.40843537,80.77630386,84.18530612,87.7957,84.0355,91.441,79.028,78.18179138,95.0357,77.43818594,81.76673469,95.42333333,78.19476191,86.48487528,76.19870748,85.6329932,86.0559864
84.1723356,87.02839002,89.89605442,86.12281179,74.81469388,87.89913832,81.22340136,84.59029479,88.2707,84.509,91.9278,79.4471,78.6459864,95.4688,77.79845805,82.26829932,95.93324263,78.62276644,86.97034014,76.62585034,86.15764172,86.43628118
84.79927438,87.51600907,90.56943311,86.92390023,75.33714286,88.60734694,81.82712018,85.19401361,88.9556,85.3101,92.7173,80.0508,79.36580499,96.2351,78.47183674,82.93006803,96.43344671,79.26131519,87.82947846,77.39210884,87.00517007,86.90068027
85.21244898,87.88453515,90.95034014,87.42174603,75.67124717,89.12031746,82.23378685,85.68165533,89.3672,85.8562,93.2277,80.4393,79.7239229,96.7085,78.84634921,83.35004535,96.92346939,79.6324263,88.25056689,77.79104308,87.50077098,87.28662132
85.62358277,88.30548753,91.44018141,87.82947846,76.05696145,89.60580499,82.59337869,86.18086168,89.8148,86.355,93.7506,80.8635,80.13206349,97.2568,79.20326531,83.78920635,97.45414966,80.03918367,88.6770068,78.35573696,88.00362812,87.66693878
86.08798186,88.80471655,91.93941043,88.24743764,76.49814059,90.12825397,83.03455782,86.63365079,90.2792,86.8542,94.3585,81.444,80.57324263,97.7212,79.63283447,84.24199547,97.98820862,80.63129252,89.1414059,78.78530612,88.46802721,88.22421769
86.47056689,89.25750567,92.29358277,88.66759637,76.81623583,90.46866213,83.49965986,87.04353742,90.7074,87.2466,94.7229,81.8109,80.87863946,98.1553,79.9631746,84.58630386,98.44619048,80.97589569,89.49034014,79.06120181,88.79689342,88.63954649
86.9355102,89.66385488,92.70566893,88.96725624,77.14829932,90.9293424,83.88208617,87.38829932,91.0803,87.6437,95.2715,82.2102,81.32789116,98.5919,80.27138322,84.98503401,98.89378685,81.35111111,89.94249433,79.44707483,89.21106576,89.01369615
87.49278912,90.29079365,93.17006803,89.43165533,77.54303855,91.40535147,84.39292517,87.84108844,91.5447,88.0965,95.7591,82.7095,81.94321996,99.1724,80.71256236,85.37977324,99.40462585,81.75746032,90.44172336,79.86503401,89.6522449,89.51292517
87.82970522,90.77129252,93.52807256,89.79535147,77.86428571,91.7822449,84.76256236,88.24730159,91.9642,88.4769,96.1307,83.0969,82.32746032,99.5862,81.02943311,85.66977324,99.88562358,82.11006803,90.82879819,80.14394558,89.97097506,89.94827664
88.28226757,91.05705215,93.94793651,90.19791383,78.19319728,92.16,85.13596372,88.59573696,92.3458,88.8279,96.537,83.4293,82.69786848,100.02,81.36272109,86.05315193,100.2985941,82.44244898,91.23120181,80.46875283,90.34884354,90.37206349
88.74666667,91.52145125,94.4123356,90.61587302,78.58793651,92.61278912,85.57714286,89.06013605,92.7869,89.2691,96.9898,83.8705,83.09260771,100.484,81.78068027,86.45950113,100.7978231,82.81396825,91.66077098,80.86349206,90.81324263,90.9293424
89.09301587,91.87863946,94.79780045,90.97721088,78.89959184,93.00947846,85.89256236,89.47571429,93.1787,89.6118,97.3568,84.2174,83.44131519,100.877,82.12360544,86.75349206,101.239229,83.10825397,92.02188209,81.14034014,91.13807256,91.36816327
89.51292517,92.25287982,95.23664399,91.33569161,79.23809524,93.3906576,86.28535147,89.84961451,93.6112,90.0005,97.7792,84.5322,83.78920635,101.355,82.44244898,87.1444898,101.7382313,83.45251701,92.40380952,81.43238095,91.49823129,91.84653061
90.00054422,92.75210884,95.71265306,91.78848073,79.63283447,93.86666667,86.71492064,90.32562358,94.1221,90.4882,98.2668,84.9966,84.24199547,101.82,82.88362812,87.53922903,102.2258503,83.9169161,92.89142857,81.82712018,91.92780045,92.34575964
90.35421769,93.16734694,96.04433107,92.04920635,79.94804989,94.26428571,87.11312925,90.70492064,94.5471,90.905,98.6816,85.3631,84.58977324,102.233,83.22823129,87.88496599,102.687483,84.24975057,93.28258503,82.12424036,92.29668934,92.81247166
90.75519274,93.50675737,96.57179138,92.57795918,80.25977324,94.63292517,87.48117914,91.138322,94.9348,91.2776,99.1956,85.7165,84.95020408,102.667,83.5570068,88.22421769,103.1236961,84.5322449,93.70412698,82.47727891,92.65922903,93.25133787
91.24281179,94.01759637,97.05941043,93.10040816,80.64290249,95.12054422,87.93396825,91.61433107,95.4108,91.7769,99.7994,86.1925,85.39138322,103.155,83.98657596,88.63056689,103.6190476,84.8921542,94.18013605,82.84879819,93.07718821,93.7970068
91.62496599,94.37984127,97.45267574,93.52480726,80.91562358,95.49349206,88.25988662,91.9622449,95.8601,92.2785,100.188,86.6024,85.71482993,103.546,84.32380952,88.95396825,104.1092063,85.18489796,94.58702948,83.14780045,93.44349206,94.33705215
92.04390023,94.7722449,97.87210884,93.9014966,81.28145125,95.87519274,88.68861678,92.39219955,96.2467,92.7637,100.635,87.0284,86.06476191,103.956,84.67156463,89.2923356,104.5362358,85.51909297,94.96961451,83.58022676,93.80861678,94.91156463
92.53151927,95.2830839,98.38294785,94.36589569,81.74585034,96.35120181,89.1414059,92.86820862,96.7924,93.321,101.135,87.5044,86.49433107,104.455,85.1475737,89.68707483,105.0354649,85.97188209,95.46884354,84.0214059,94.29623583,95.46884354
92.9076644,95.65827664,98.81274376,94.73671202,82.05614513,96.7693424,89.49190476,93.26807256,97.189,93.7227,101.522,87.8641,86.84514739,104.83,85.51437642,90.04485261,105.4943991,86.30965986,95.9000907,84.33328798,94.61752835,95.85278912
93.32099773,96.16544218,99.31174603,95.22503401,82.38439909,97.11746032,89.93088435,93.71573696,97.6283,94.1105,102.005,88.201,87.23736962,105.279,85.9138322,90.44172336,105.8946032,86.65687075,96.32798186,84.6831746,95.07410431,96.258322
93.85505669,96.78077098,99.85741497,95.74748299,82.83718821,97.69795918,90.6739229,94.2614059,98.1624,94.6445,102.574,88.7583,87.89913832,105.906,86.49433107,90.97578231,106.4054422,87.13287982,96.97814059,85.21723356,95.72426304,96.769161
94.25446712,97.25170068,100.3219048,96.21909297,83.16938776,98.13650794,91.20870748,94.75442177,98.6347,95.1504,103.01,89.1471,88.37204082,106.418,86.94641723,91.38789116,106.9718594,87.51995465,97.44131519,85.63328798,96.17875283,97.23732426
94.69097506,97.74439909,100.8326531,96.73433107,83.54539683,98.56870748,91.71882086,95.1321542,99.0912,95.5385,103.561,89.5245,88.79310658,106.858,87.38829932,91.82331066,107.4271202,87.92235828,97.88371882,86.13442177,96.67628118,97.6399093
95.1785941,98.38294785,101.355102,97.37287982,83.95174603,99.11437642,92.31092971,95.66621315,99.6252,96.1306,104.35,90.0122,89.35038549,107.497,87.94557823,92.31092971,107.9960091,88.40997732,98.41777778,86.66848073,97.28,98.23201814
95.58587302,98.93845805,101.812381,97.84680272,84.29011338,99.56780045,92.73605442,96.12643991,100.115,96.6141,104.837,90.4192,89.74038549,108.004,88.32739229,92.80278912,108.5014512,88.8114966,98.90147392,87.0952381,97.67891157,98.63959184
96.08417234,99.35818594,102.2606803,98.37133787,84.64834467,100.0547846,93.08879819,96.54857143,100.542,97.1175,105.395,90.8249,90.20952381,108.518,88.6770068,93.17006803,108.9480272,89.23428571,99.35818594,87.60888889,98.12752835,99.11437642
96.68789116,100.0315646,102.922449,99.10276644,85.17079365,100.7281633,93.57641723,97.15229025,101.32,97.8257,106.104,91.3821,90.88290249,109.273,89.23428571,93.76217687,109.6214059,89.81478458,100.1824943,88.22421769,98.80090703,99.67165533
97.11959184,100.4085261,103.4360544,99.55024943,85.57900227,101.2813152,94.03879819,97.75201814,101.768,98.3425,106.613,91.792,91.31333333,109.762,89.61362812,94.22086168,110.1280499,90.24439909,100.5768707,88.56569161,99.21301587,100.1352154
97.68634921,100.879093,103.8628571,100.0431746,86.018322,101.7614512,94.48199547,98.20879819,102.203,98.7429,107.207,92.218,91.75365079,110.214,89.98893424,94.72580499,110.608254,90.76680272,101.0300227,89.02530612,99.64843537,100.5424036
98.22040816,101.4283447,104.3504762,100.5344671,86.49433107,102.3187302,94.96961451,98.90539683,102.702,99.218,107.938,92.7057,92.27609977,110.84,90.61587302,95.16698413,111.107483,91.35891157,101.5640816,89.46648526,100.1824943,101.0416327
98.5739229,101.8227891,104.8102041,100.9102721,86.81780045,102.7286621,95.35414966,99.32970522,103.097,99.7151,108.443,93.09,92.63219955,111.302,91.02086168,95.52839002,111.5968254,91.76258503,101.9838776,89.81893424,100.5242857,101.5342177
98.98666667,102.2606803,105.1980045,101.3202721,87.21414966,103.1778685,95.77070295,99.79936508,103.503,100.093,108.994,93.4371,93.07718821,111.781,91.38213152,95.92163265,112.0711111,92.19482993,102.4,90.18630386,100.9603628,101.9936508
99.48589569,102.7715193,105.7552834,101.8195011,87.67854875,103.7699773,96.4092517,100.3218141,104.025,100.525,109.656,93.9595,93.61124717,112.408,91.89297052,96.39764172,112.65161,92.670839,102.899229,90.62748299,101.4712018,102.5277098
99.92170068,103.1681179,106.206644,102.2778458,88.05034014,104.2066213,96.80267574,100.7738549,104.435,100.954,110.161,94.3378,93.9731746,112.892,92.29319728,96.75709751,113.105805,93.05539683,103.2941043,90.98104308,101.9295918,102.9504762
100.333424,103.5842177,106.6376417,102.7134694,88.39836735,104.6523356,97.23356009,101.2157823,104.85,101.338,110.608,94.7026,94.34267574,113.348,92.670839,97.18712018,113.5571882,93.41408163,103.7467574,91.31247166,102.3419501,103.410068
100.8094331,104.1182766,107.1600907,103.2707483,88.86276644,105.2212245,97.70956916,101.7730612,105.384,101.954,111.212,95.2366,94.81868481,113.964,93.18167801,97.67473923,114.0680272,93.92471655,104.3272562,91.81170068,102.9456689,103.9789569
101.1889116,104.5529705,107.5904535,103.7685488,89.19476191,105.713424,98.10911565,102.217551,105.855,102.382,111.674,95.6436,95.21768708,114.509,93.53117914,98.08714286,114.5089116,94.39662132,104.694898,92.14460318,103.4354422,104.4709297
101.6569615,104.942585,108.0656689,104.2111565,89.59419501,106.1964626,98.52952381,102.6554195,106.324,102.816,112.141,96.0493,95.6429932,114.916,93.93632653,98.52226757,114.9736054,94.70247166,105.1479592,92.63600907,103.9203855,104.9193651
102.2606803,105.5695238,108.6577778,104.9193651,90.17469388,106.8117914,99.26530612,103.2939683,107.125,103.566,112.803,96.6763,96.42086168,115.624,94.52843537,99.14920635,115.5773243,95.32952381,106.1500227,93.30938776,104.7219955,105.4998639
102.6784581,105.9662132,109.1899773,105.362517,90.63804989,107.330771,99.68557823,103.8425624,107.528,104.183,113.384,97.1083,96.81079365,116.165,94.89852608,99.57301587,116.024898,95.7568254,106.6064172,93.87804989,105.206576,106.0093424
103.0733787,106.3822222,109.6794558,105.8017234,91.16154195,107.8682993,100.0896145,104.3853061,108.066,104.713,113.998,97.547,97.16390023,116.645,95.27147392,100.0199546,116.4364626,96.22349206,107.0904308,94.55165533,105.7357823,106.5795918
103.5842177,106.9743311,110.1438549,106.3590023,91.77687075,108.5010431,100.7049433,105.0819048,108.739,105.519,114.625,98.0927,97.839161,117.261,95.85791383,100.5888435,116.9008617,97.00136054,107.7405896,95.32081633,106.276576,107.0926077
103.9697732,107.3854649,110.5244898,106.8352834,92.13709751,109.0031746,101.0821542,105.5708163,109.119,106.002,115.241,98.4443,98.34743764,117.79,96.34687075,100.9705442,117.3292517,97.3962585,108.1421542,95.87650794,106.8698413,107.6443311
104.454966,107.8218594,110.9681633,107.2297506,92.53151927,109.5491156,101.5873016,106.0223129,109.482,106.514,116.204,98.8473,98.7660771,118.375,96.78077098,101.401542,117.8064399,97.70956916,108.564898,96.32798186,107.5780499,108.1649433
105.0470748,108.3907483,111.4673923,107.7521995,92.97269841,110.1809977,102.1445805,106.6492517,110.028,106.967,116.843,99.5091,99.28852608,119.014,97.3844898,101.877551,118.3288889,98.16235828,109.075737,96.83882086,108.2282086,108.6577778
105.4364172,108.7840363,111.9329252,108.2684581,93.3314059,110.6131293,102.5679365,107.1632653,110.441,107.33,117.344,99.9217,99.63210884,119.458,97.79390023,102.2820181,118.7929478,98.58507937,109.5195918,97.23183674,108.7138322,109.2847166
105.8829932,109.2847166,112.3497506,108.6693878,93.66929705,111.0172789,102.9572789,107.7289796,110.875,107.706,117.841,100.314,100.0315646,119.966,98.17396825,102.7134694,119.2576871,99.0214966,109.9000454,97.72117914,109.2150567,109.7599093
106.5447619,109.9116553,112.9534694,109.2963265,94.12208617,111.4921769,103.4913379,108.4139683,111.398,108.263,118.387,100.809,100.4843537,120.697,98.69641723,103.3055782,119.803356,99.64843537,110.6314739,98.20879819,110.074195,110.1902948
106.9387982,110.3424036,113.4273243,109.7890249,94.47560091,112.0112245,103.9495692,108.9639229,111.848,108.673,118.843,101.161,100.9193651,121.121,99.15641723,103.7680045,120.304966,100.06678,111.1073696,98.63535147,110.5169841,110.7591837
107.2529705,110.8288435,113.9287075,110.2251247,94.86512472,112.5130159,104.3736961,109.3195465,112.257,109.076,119.293,101.541,101.3815193,121.638,99.53866213,104.2111565,120.7089342,100.4727438,111.4790023,99.0284127,111.0029932,111.2684354
107.7754195,111.4325624,114.3814966,110.7475737,95.30630386,113.0037868,105.0470748,109.8536054,112.803,109.552,119.838,102.04,101.8325397,122.218,99.90385488,104.6871655,121.1617234,100.9603628,112.0014512,99.51639456,111.5834921,111.7053968
108.1146712,111.8593424,114.8054875,111.2118367,95.6962585,113.4210884,105.6369388,110.3052154,113.239,109.956,120.291,102.332,102.1039456,122.727,100.3179819,105.1405669,121.6351927,101.3489796,112.5352381,99.87346939,111.970771,112.117551
108.541678,112.2800907,115.217415,111.6531519,96.08417234,113.8649206,106.0339229,110.7011338,113.685,110.388,120.79,102.795,102.42322,123.252,100.6468934,105.5811338,122.0905215,101.7730612,112.8838095,100.2173243,112.4658503,112.6435147
109.0989569,112.8025397,115.7398639,112.2220408,96.52535147,114.431746,106.509932,111.2119728,114.231,110.899,121.347,103.294,102.9456689,123.82,101.1345125,106.0107029,122.6129705,102.3419501,113.4643084,100.7165533,113.0231293,113.0943311
109.4995238,113.154127,116.174966,112.7436961,96.90870748,114.9963039,106.8903628,111.66678,114.677,111.323,121.896,103.678,103.3268481,124.376,101.5271429,106.4260091,123.0707256,102.7339002,113.8893424,101.0986848,113.3573469,113.7313379
109.8129705,113.650068,116.5873923,113.150839,97.28,115.5120181,107.2994104,112.0246712,115.09,111.734,122.369,104.06,103.6887075,124.83,101.912381,106.8466213,123.4953288,103.1894785,114.3118367,101.4944218,113.7081179,114.1760091
110.3992744,114.2421769,117.1098413,113.7081179,97.73278912,116.0185034,107.8450794,112.66322,115.682,112.35,122.938,104.571,104.2162812,125.411,102.4348299,107.3690703,123.9945578,103.6654875,114.9039456,102.0168707,114.5208163,114.6253061
110.7262812,114.7129025,117.5950794,114.2230839,98.19290249,116.5409524,108.2515873,113.1859864,116.22,112.863,123.575,105.004,104.6291156,126.009,102.8214059,107.9360091,124.4582993,104.1168254,115.3897279,102.5157596,114.9560091,115.1593651
111.2932426,115.1593651,118.0038095,114.6369161,98.52226757,116.9008617,108.6113379,113.7081179,116.611,113.313,124.018,105.384,104.942585,126.502,103.2243084,108.3210884,124.9001361,104.6175057,115.8443537,102.987551,115.4380045,115.67
111.9434014,115.728254,118.5494785,115.194195,99.05632653,117.4697506,109.064127,114.5324263,117.11,114.01,124.83,105.953,105.4185941,127.199,103.7467574,108.8087075,125.4109751,105.2212245,116.5873923,103.7119274,116.0533333,116.1113832
112.3279819,116.1678685,118.9758957,115.6743537,99.41938776,117.912517,109.4807937,115.0862812,117.558,114.496,125.363,106.323,105.7619501,127.716,104.0987528,109.2001587,125.844059,105.6280045,117.025034,104.0714059,116.4913379,116.726712
112.7212698,116.5873923,119.4550567,116.0649433,99.76453515,118.282449,109.8187755,115.5657143,117.957,115.032,125.771,106.684,106.0915646,128.197,104.4897959,109.6097959,126.3049433,106.0455329,117.4465306,104.4781859,116.9008617,117.2134014
113.162449,117.0866213,120.0123356,116.5757823,100.2173243,118.9151927,110.2947846,116.0417234,118.48,115.577,126.305,107.172,106.6376417,128.778,105.0122449,110.085805,126.8157823,106.521542,117.9573696,104.991746,117.4581406,117.7097732
113.5214966,117.5565306,120.5625624,117.0506122,100.5948299,119.2391837,110.67161,116.4572562,118.893,116.014,126.747,107.577,107.001746,129.324,105.3578458,110.4680272,127.2361451,106.9110431,118.3510431,105.3395011,117.8732426,118.3521088
113.9054875,117.9921995,120.9527438,117.4697506,100.9371429,119.6175964,111.0726531,116.7963719,119.351,116.46,127.094,107.926,107.4387302,129.811,105.7668934,110.8985034,127.7097506,107.2994104,118.793288,105.7204535,118.282449,118.854263
114.3814966,118.5146485,121.5216327,117.9921995,101.4131519,120.1516553,111.5602721,117.249161,119.885,116.982,127.687,108.437,107.9434694,130.38,106.2777324,111.3977324,128.2670295,107.8682993,119.3273469,106.2466213,118.8513379,119.3621769
114.8029478,118.9846712,121.9929705,118.4812245,101.7585941,120.5936735,111.959229,117.6305896,120.384,117.438,128.13,108.802,108.3063719,130.953,106.7403175,111.860771,128.7436961,108.3344898,119.7857143,106.6152154,119.3173923,119.9891156
115.3102948,119.4666667,122.5317007,118.9558277,102.1329705,121.0688435,112.3729705,118.0270295,120.825,117.923,128.604,109.227,108.6975283,131.495,107.1600907,112.3265306,129.2422676,108.8203175,120.1864853,107.0556009,119.7801361,120.489161
115.9024036,120.0239456,123.2050794,119.5131066,102.6205896,121.6609524,112.8954195,118.6423583,121.429,118.538,129.277,109.784,109.3427664,132.133,107.7159184,112.8954195,129.9504762,109.4588662,120.7205442,107.6128798,120.4302948,121.0456236
116.3858957,120.5415646,123.9213379,120.1481633,103.1352381,122.4017914,113.3521995,119.2813379,122.072,119.24,130.069,110.374,109.890839,132.952,108.1978685,113.6078458,130.6012698,110.1298866,121.2312472,108.17,121.1803175,121.7190023
117.0982313,121.1036735,124.5634467,120.7669841,103.6654875,123.1702494,113.9170975,119.8962358,122.683,120.012,130.821,111.038,110.573424,133.782,108.8551474,114.3466667,131.2856236,110.9333333,121.8931519,108.9015873,121.881542,123.2577098
117.894127,121.9279819,125.945034,121.8234921,104.4599093,124.7695238,114.706576,121.4171429,123.797,121.568,132.344,112.097,112.3091156,135.523,110.3876644,115.6422449,132.4626757,112.65161,122.9844898,110.596644,123.488322,124.5220635
